{"loss": [184.56170654296875], "binary_accuracy": [0.5198863744735718], "val_loss": [120.59095001220703], "val_binary_accuracy": [0.5090909004211426], "training_time": 198.9500503540039, "training_time_per_epoch": 198.9500503540039}