{"loss": [232.34588623046875, 146.67178344726562, 108.51717376708984, 87.5919189453125, 74.50601196289062, 65.21150207519531, 58.199851989746094, 52.36671447753906, 47.30570983886719, 43.11084747314453, 39.002681732177734, 35.700740814208984, 32.3824462890625, 29.74674415588379, 27.246984481811523, 24.87611198425293, 22.65459442138672, 20.633739471435547, 19.066415786743164, 17.481678009033203, 16.01162338256836, 14.466761589050293, 13.471537590026855, 12.080381393432617, 11.195595741271973, 10.162921905517578, 9.456130027770996, 8.548667907714844, 7.824245929718018, 7.128608703613281, 6.6681389808654785, 6.110708713531494, 5.522217750549316, 5.151534557342529, 4.720005035400391, 4.418760776519775, 4.040637493133545, 3.7194910049438477, 3.4048757553100586, 3.2852065563201904, 2.8599374294281006, 2.7746589183807373, 2.484830856323242, 2.363954782485962, 2.1830809116363525, 2.0447142124176025, 2.0794894695281982, 1.7806838750839233, 1.7639977931976318, 1.54157292842865, 1.4929274320602417, 1.3379300832748413, 1.336176872253418, 1.250059962272644, 1.239716649055481, 1.1014811992645264, 1.0331567525863647, 1.0499061346054077, 0.9419558644294739, 0.8793083429336548, 0.9067783355712891, 0.7994116544723511, 0.8532540202140808, 0.8257160782814026, 0.7750426530838013, 0.826008677482605, 0.7523424029350281, 0.7437142729759216, 0.7765124440193176, 0.8198882937431335, 0.787973940372467], "binary_accuracy": [0.6291666626930237, 0.7738636136054993, 0.822537899017334, 0.8481060862541199, 0.8615530133247375, 0.8778409361839294, 0.8698863387107849, 0.8664772510528564, 0.8725378513336182, 0.8520833253860474, 0.8920454382896423, 0.8634469509124756, 0.8946969509124756, 0.8698863387107849, 0.8715909123420715, 0.8799242377281189, 0.8967803120613098, 0.9058712124824524, 0.885037899017334, 0.8928030133247375, 0.8780303001403809, 0.9117424488067627, 0.8967803120613098, 0.9214015007019043, 0.8969696760177612, 0.9145833253860474, 0.9077651500701904, 0.916856050491333, 0.927462100982666, 0.9316287636756897, 0.925000011920929, 0.9229166507720947, 0.9316287636756897, 0.925568163394928, 0.9401515126228333, 0.9219697117805481, 0.9369317889213562, 0.9301136136054993, 0.9369317889213562, 0.9196969866752625, 0.9414772987365723, 0.9405303001403809, 0.9433712363243103, 0.9405303001403809, 0.9450757503509521, 0.9401515126228333, 0.9174242615699768, 0.9532197117805481, 0.9297348260879517, 0.948106050491333, 0.9426136612892151, 0.948106050491333, 0.9428030252456665, 0.9505681991577148, 0.9348484873771667, 0.9515151381492615, 0.9496212005615234, 0.9395833611488342, 0.956818163394928, 0.9515151381492615, 0.9532197117805481, 0.9585227370262146, 0.948106050491333, 0.945643961429596, 0.9528409242630005, 0.9498106241226196, 0.9513257741928101, 0.9507575631141663, 0.9490530490875244, 0.9340909123420715, 0.9397727251052856], "val_loss": [175.86097717285156, 123.64425659179688, 97.31678009033203, 81.7452621459961, 71.55039978027344, 63.7154655456543, 56.453914642333984, 50.857704162597656, 45.93068313598633, 42.09470748901367, 38.307334899902344, 35.116310119628906, 32.125038146972656, 29.06951332092285, 26.740785598754883, 24.545978546142578, 22.106521606445312, 20.833311080932617, 18.863658905029297, 17.454999923706055, 15.792491912841797, 14.768303871154785, 14.201011657714844, 12.490747451782227, 11.231127738952637, 11.425408363342285, 9.645530700683594, 8.874109268188477, 7.959656238555908, 7.560320854187012, 7.053629398345947, 6.569236755371094, 6.014654159545898, 5.658802509307861, 5.131237983703613, 4.955864429473877, 4.776167869567871, 4.134810924530029, 3.980774402618408, 3.6032145023345947, 3.536673069000244, 3.1815273761749268, 3.000791072845459, 2.8297407627105713, 2.5552077293395996, 2.683765172958374, 2.563762664794922, 2.3614253997802734, 2.299069881439209, 2.0852668285369873, 1.9763753414154053, 2.020299196243286, 1.7599631547927856, 1.739196538925171, 1.6716045141220093, 1.5910829305648804, 1.4695111513137817, 1.5205944776535034, 1.4334396123886108, 1.4592523574829102, 1.3636153936386108, 1.46317458152771, 1.3270366191864014, 1.3825522661209106, 1.4094493389129639, 1.1228480339050293, 1.2208601236343384, 1.3380204439163208, 1.249414324760437, 1.3367832899093628, 1.228551983833313], "val_binary_accuracy": [0.5272727012634277, 0.5636363625526428, 0.5931817889213562, 0.543181836605072, 0.5954545736312866, 0.5772727131843567, 0.625, 0.625, 0.6386363506317139, 0.6340909004211426, 0.6181818246841431, 0.6272727251052856, 0.6431818008422852, 0.699999988079071, 0.6590909361839294, 0.6499999761581421, 0.6863636374473572, 0.6340909004211426, 0.6795454621315002, 0.6636363863945007, 0.6727272868156433, 0.6499999761581421, 0.6022727489471436, 0.6818181872367859, 0.675000011920929, 0.6068181991577148, 0.6840909123420715, 0.6522727012634277, 0.7090908885002136, 0.7045454382896423, 0.7113636136054993, 0.6431818008422852, 0.668181836605072, 0.6431818008422852, 0.6568182110786438, 0.7045454382896423, 0.6795454621315002, 0.7045454382896423, 0.6545454263687134, 0.6909090876579285, 0.6590909361839294, 0.6863636374473572, 0.6863636374473572, 0.6931818127632141, 0.7181817889213562, 0.6477272510528564, 0.6977272629737854, 0.6659091114997864, 0.6522727012634277, 0.6704545617103577, 0.668181836605072, 0.675000011920929, 0.7090908885002136, 0.6613636612892151, 0.668181836605072, 0.6454545259475708, 0.7181817889213562, 0.6704545617103577, 0.6772727370262146, 0.668181836605072, 0.6636363863945007, 0.6454545259475708, 0.6340909004211426, 0.6818181872367859, 0.6431818008422852, 0.7204545736312866, 0.7045454382896423, 0.6590909361839294, 0.675000011920929, 0.5977272987365723, 0.699999988079071], "training_time": 439.6806254386902, "training_time_per_epoch": 2.836649196378646}