{"loss": [234.16233825683594, 150.0830535888672, 110.94123840332031, 89.56644439697266, 75.7557144165039, 66.28558349609375, 59.03181838989258, 52.99273681640625, 47.7149543762207, 43.48167419433594, 39.672977447509766, 36.24657440185547, 33.10504913330078, 30.05160903930664, 27.660484313964844, 25.35362434387207, 23.287147521972656, 21.501468658447266, 19.64694595336914, 17.805747985839844, 16.204042434692383, 14.795251846313477, 13.690328598022461, 12.43088150024414, 11.692923545837402, 10.54289436340332, 9.740445137023926, 8.86552619934082, 8.1319580078125, 7.575728893280029, 6.908510208129883, 6.136869430541992, 5.734673023223877, 5.245424747467041, 4.910737037658691, 4.3954668045043945, 4.152065753936768, 3.751802921295166, 3.409311056137085, 3.3089892864227295, 2.9457712173461914, 2.6832752227783203, 2.5701751708984375, 2.4508886337280273, 2.2204020023345947, 1.9747684001922607, 1.9802403450012207, 1.6389126777648926, 1.651063084602356, 1.5179328918457031, 1.4574438333511353, 1.273934245109558, 1.3662559986114502, 1.1152397394180298, 1.1577270030975342, 1.0913207530975342, 0.991931140422821, 0.9535180926322937, 0.9103516340255737, 0.8681479692459106, 0.8270938992500305, 0.7912695407867432, 0.7733620405197144, 0.7270991802215576, 0.7619194984436035, 0.6877115964889526, 0.7353538274765015, 0.7218405604362488, 0.6951402425765991, 0.7423533201217651, 0.7130898237228394, 0.7559928297996521, 0.7482613921165466, 0.7522189617156982, 0.7329084277153015, 0.7468438148498535, 0.8185106515884399, 0.7450822591781616, 0.8001038432121277, 0.7421084046363831], "binary_accuracy": [0.6202651262283325, 0.7160984873771667, 0.7736742496490479, 0.7928030490875244, 0.8208333253860474, 0.8329545259475708, 0.8382575511932373, 0.8310605883598328, 0.8621212244033813, 0.8541666865348816, 0.8482954502105713, 0.8462121486663818, 0.8484848737716675, 0.875, 0.8547348380088806, 0.8740530014038086, 0.8753787875175476, 0.8611742258071899, 0.875, 0.8839015364646912, 0.8873106241226196, 0.8928030133247375, 0.8922348618507385, 0.9022727012634277, 0.8774621486663818, 0.8933712244033813, 0.8941287994384766, 0.9107954502105713, 0.9219697117805481, 0.9007575511932373, 0.9121212363243103, 0.9285984635353088, 0.9221590757369995, 0.9320075511932373, 0.9232954382896423, 0.9350378513336182, 0.929356038570404, 0.9329545497894287, 0.9414772987365723, 0.9259469509124756, 0.9435606002807617, 0.9399621486663818, 0.9306818246841431, 0.9375, 0.9401515126228333, 0.9426136612892151, 0.9329545497894287, 0.9592803120613098, 0.9435606002807617, 0.9446969628334045, 0.9437500238418579, 0.9558712244033813, 0.9339014887809753, 0.9617424011230469, 0.9365530014038086, 0.9498106241226196, 0.958143949508667, 0.9513257741928101, 0.9496212005615234, 0.9611742496490479, 0.9505681991577148, 0.9619318246841431, 0.9539772868156433, 0.9619318246841431, 0.9539772868156433, 0.965530276298523, 0.9467803239822388, 0.9607954621315002, 0.9509469866752625, 0.9518939256668091, 0.9492424130439758, 0.9443181753158569, 0.9488636255264282, 0.9367424249649048, 0.9482954740524292, 0.940719723701477, 0.9270833134651184, 0.9333333373069763, 0.9348484873771667, 0.9357954263687134], "val_loss": [179.4324188232422, 127.55464172363281, 100.29708862304688, 83.47760772705078, 72.12335205078125, 63.728816986083984, 58.48679733276367, 51.31039047241211, 46.72660827636719, 42.779197692871094, 39.553367614746094, 35.819828033447266, 32.139503479003906, 29.523029327392578, 27.551259994506836, 25.14717674255371, 23.518295288085938, 21.233566284179688, 19.284032821655273, 17.897573471069336, 16.152265548706055, 15.11868667602539, 14.01706314086914, 12.652785301208496, 11.679645538330078, 10.94459342956543, 10.100143432617188, 9.261235237121582, 8.497584342956543, 7.976261138916016, 7.18136739730835, 6.480809211730957, 6.707275390625, 5.874963283538818, 5.162806987762451, 5.033606052398682, 4.423064231872559, 4.196221828460693, 3.75502872467041, 3.970517635345459, 3.3831443786621094, 3.300200939178467, 3.0105416774749756, 2.925497531890869, 2.559445858001709, 2.655571460723877, 2.4312994480133057, 2.1468982696533203, 2.125241279602051, 2.0707545280456543, 1.9327963590621948, 1.8138788938522339, 1.726131558418274, 1.593563199043274, 1.8044617176055908, 1.5498102903366089, 1.450322151184082, 1.4369218349456787, 1.4803838729858398, 1.2389532327651978, 1.3628193140029907, 1.205957293510437, 1.2974588871002197, 1.2692924737930298, 1.236964225769043, 1.1590728759765625, 1.2370402812957764, 1.1315847635269165, 1.2764660120010376, 1.1166414022445679, 1.1985549926757812, 1.2112330198287964, 1.1470333337783813, 1.3283330202102661, 1.1749379634857178, 1.1440047025680542, 1.2186799049377441, 1.3049819469451904, 1.1336668729782104, 1.2365213632583618], "val_binary_accuracy": [0.49772727489471436, 0.5454545617103577, 0.5272727012634277, 0.574999988079071, 0.625, 0.6090909242630005, 0.5704545378684998, 0.5772727131843567, 0.5886363387107849, 0.6318181753158569, 0.5840908885002136, 0.6204545497894287, 0.6363636255264282, 0.6659091114997864, 0.6136363744735718, 0.6386363506317139, 0.5931817889213562, 0.6363636255264282, 0.6181818246841431, 0.6113636493682861, 0.6659091114997864, 0.625, 0.6363636255264282, 0.6431818008422852, 0.6499999761581421, 0.6022727489471436, 0.6318181753158569, 0.6636363863945007, 0.699999988079071, 0.6954545378684998, 0.6659091114997864, 0.706818163394928, 0.6272727251052856, 0.6613636612892151, 0.7022727131843567, 0.6772727370262146, 0.6931818127632141, 0.6613636612892151, 0.706818163394928, 0.6295454502105713, 0.699999988079071, 0.6636363863945007, 0.6886363625526428, 0.7022727131843567, 0.6931818127632141, 0.6568182110786438, 0.6977272629737854, 0.6795454621315002, 0.6931818127632141, 0.668181836605072, 0.699999988079071, 0.6840909123420715, 0.7090908885002136, 0.7295454740524292, 0.706818163394928, 0.6840909123420715, 0.6954545378684998, 0.6977272629737854, 0.6340909004211426, 0.7045454382896423, 0.668181836605072, 0.6568182110786438, 0.699999988079071, 0.6431818008422852, 0.6840909123420715, 0.6818181872367859, 0.6772727370262146, 0.6863636374473572, 0.6181818246841431, 0.6931818127632141, 0.706818163394928, 0.6795454621315002, 0.6840909123420715, 0.625, 0.6818181872367859, 0.7045454382896423, 0.6386363506317139, 0.6772727370262146, 0.699999988079071, 0.6727272868156433], "training_time": 495.05255651474, "training_time_per_epoch": 6.972571218517465}