{"loss": [117.70578002929688, 73.35585021972656, 66.45144653320312, 60.5103759765625, 55.240116119384766, 50.4726448059082, 46.110225677490234, 42.13954544067383, 38.52544021606445, 35.225318908691406, 32.18516540527344, 29.452695846557617, 26.89481544494629, 24.563894271850586, 22.464628219604492, 20.52091407775879, 18.753543853759766, 17.098241806030273, 15.58757209777832, 14.177370071411133, 12.98284912109375, 11.8025541305542, 10.75449275970459, 9.78780746459961, 8.923245429992676, 8.122579574584961, 7.354011535644531, 6.686385154724121, 6.129129886627197, 5.525537490844727, 4.965663433074951, 4.516141891479492, 4.179773330688477, 3.793728828430176, 3.3803977966308594, 3.0403430461883545, 2.7803795337677, 2.491997718811035, 2.2646093368530273, 2.068459987640381, 1.8702061176300049, 1.6684086322784424, 1.5151032209396362, 1.4069974422454834, 1.2728030681610107, 1.1643699407577515, 1.048218846321106, 0.9604668021202087, 0.8773166537284851, 0.822943925857544, 0.7724048495292664, 0.7320637702941895, 0.6791266798973083, 0.6388170719146729, 0.596727192401886, 0.5736129879951477, 0.579953670501709, 0.5376701354980469, 0.5245411396026611, 0.5016701221466064, 0.4905136525630951, 0.4797528386116028, 0.48437389731407166, 0.4817095696926117, 0.4847969710826874, 0.46444037556648254, 0.45751282572746277, 0.4721519649028778, 0.4654102325439453, 0.4660092890262604, 0.45244088768959045, 0.45459887385368347, 0.4369450509548187, 0.4325074255466461, 0.4416758716106415, 0.4501788914203644, 0.4590798616409302, 0.43495070934295654, 0.4442182183265686, 0.4331279397010803, 0.42036792635917664, 0.4378482699394226, 0.4574938118457794, 0.4388841986656189, 0.4242648184299469, 0.42960432171821594, 0.41545969247817993, 0.40377455949783325, 0.4134771227836609, 0.42115330696105957, 0.41855528950691223, 0.41217315196990967, 0.41243064403533936, 0.42208734154701233, 0.4086752235889435, 0.40159910917282104, 0.4118591845035553, 0.4030841588973999, 0.4178650975227356, 0.4096798002719879, 0.41331106424331665, 0.4078131914138794, 0.40948402881622314, 0.41444826126098633, 0.4017810821533203, 0.40278929471969604, 0.3965667188167572, 0.4200934171676636, 0.4172675311565399, 0.38604891300201416, 0.38529738783836365, 0.39648354053497314, 0.3937217593193054, 0.4082240164279938, 0.414920449256897, 0.39631834626197815], "binary_accuracy": [0.616287887096405, 0.6598485112190247, 0.7041666507720947, 0.7350378632545471, 0.779924213886261, 0.8047348260879517, 0.8251894116401672, 0.8577651381492615, 0.8810606002807617, 0.897537887096405, 0.9071969985961914, 0.9157196879386902, 0.9310606122016907, 0.9363636374473572, 0.9399621486663818, 0.9460227489471436, 0.9446969628334045, 0.9589015245437622, 0.9607954621315002, 0.9693182110786438, 0.9532197117805481, 0.9734848737716675, 0.9645833373069763, 0.9776515364646912, 0.966856062412262, 0.9712121486663818, 0.9808712005615234, 0.977462112903595, 0.9696969985961914, 0.9837121367454529, 0.9909090995788574, 0.9856060743331909, 0.9717803001403809, 0.9791666865348816, 0.989962100982666, 0.9905303120613098, 0.9863636493682861, 0.991856038570404, 0.9884469509124756, 0.9878787994384766, 0.991856038570404, 0.9956439137458801, 0.9952651262283325, 0.9888257384300232, 0.9935606122016907, 0.9943181872367859, 0.9965909123420715, 0.996780276298523, 0.9960227012634277, 0.9946969747543335, 0.9950757622718811, 0.9926136136054993, 0.9960227012634277, 0.9952651262283325, 0.9962121248245239, 0.9960227012634277, 0.989962100982666, 0.9952651262283325, 0.9964014887809753, 0.9962121248245239, 0.9952651262283325, 0.9954545497894287, 0.9941287636756897, 0.9939393997192383, 0.9933711886405945, 0.9945075511932373, 0.9946969747543335, 0.9910984635353088, 0.9945075511932373, 0.9916666746139526, 0.9958333373069763, 0.9929924011230469, 0.9962121248245239, 0.9950757622718811, 0.9939393997192383, 0.9873105883598328, 0.9941287636756897, 0.9941287636756897, 0.991856038570404, 0.9937499761581421, 0.9958333373069763, 0.9924242496490479, 0.989962100982666, 0.9916666746139526, 0.9946969747543335, 0.9939393997192383, 0.9946969747543335, 0.9952651262283325, 0.9924242496490479, 0.9939393997192383, 0.9935606122016907, 0.9946969747543335, 0.9943181872367859, 0.9929924011230469, 0.9954545497894287, 0.9943181872367859, 0.9945075511932373, 0.9950757622718811, 0.9950757622718811, 0.9956439137458801, 0.9952651262283325, 0.9954545497894287, 0.9931818246841431, 0.9950757622718811, 0.9958333373069763, 0.9948863387107849, 0.9950757622718811, 0.9933711886405945, 0.9950757622718811, 0.9979166388511658, 0.9956439137458801, 0.9943181872367859, 0.9950757622718811, 0.9943181872367859, 0.9922348260879517, 0.9954545497894287], "val_loss": [77.66927337646484, 69.63984680175781, 63.370635986328125, 57.81497573852539, 52.96760559082031, 48.4828987121582, 44.326663970947266, 40.757041931152344, 37.46794128417969, 34.258270263671875, 31.327632904052734, 28.841625213623047, 26.336910247802734, 24.280141830444336, 22.285402297973633, 20.32610321044922, 18.710657119750977, 17.3044490814209, 15.795483589172363, 14.682807922363281, 13.332265853881836, 12.331338882446289, 11.36419677734375, 10.343700408935547, 9.544707298278809, 8.744136810302734, 8.088889122009277, 7.468396186828613, 6.821432113647461, 6.341247081756592, 5.744458198547363, 5.3992109298706055, 4.935072422027588, 4.619563102722168, 4.226700782775879, 3.9132299423217773, 3.6797068119049072, 3.345979928970337, 3.116769790649414, 2.9147467613220215, 2.6770143508911133, 2.4903416633605957, 2.313502311706543, 2.2233188152313232, 2.077789545059204, 1.9394352436065674, 1.8176923990249634, 1.7281198501586914, 1.6201757192611694, 1.6072039604187012, 1.4749795198440552, 1.4401911497116089, 1.3492323160171509, 1.3036795854568481, 1.22578763961792, 1.2227755784988403, 1.1675820350646973, 1.140247106552124, 1.1103878021240234, 1.101266622543335, 1.1041027307510376, 1.0796265602111816, 1.0221917629241943, 1.0547560453414917, 1.003671407699585, 1.0101683139801025, 1.0367388725280762, 1.0313762426376343, 1.000428318977356, 0.9887484312057495, 1.020527958869934, 0.9653177261352539, 0.9803776144981384, 0.9959729909896851, 0.9911684989929199, 0.9732827544212341, 0.984501838684082, 0.9937381148338318, 0.9854171872138977, 0.9629940986633301, 0.9732843637466431, 0.9622026085853577, 0.9813345670700073, 1.0157307386398315, 1.007289171218872, 0.9978681802749634, 0.9597001671791077, 0.9670932292938232, 0.944319486618042, 0.9634205102920532, 0.9995845556259155, 1.0116909742355347, 0.9953116178512573, 0.9812661409378052, 0.9578237533569336, 0.9271430373191833, 0.9519772529602051, 1.002220869064331, 0.9518139958381653, 0.9677273631095886, 0.9520156383514404, 1.0022313594818115, 0.9862180948257446, 0.957281768321991, 0.9414896368980408, 0.9644700884819031, 0.9449284076690674, 0.9769505858421326, 0.9730737805366516, 0.9643518328666687, 0.9611549377441406, 1.016569972038269, 0.9406757950782776, 0.9723914265632629, 0.9939745664596558, 0.9513110518455505],